order_id,customer_id,product_id,order_date,delivery_date,status
1,1,101,2025-07-01,2025-07-04,Delivered
2,2,102,2025-07-02,2025-07-05,Delivered
3,3,103,2025-07-03,2025-07-06,Shipped
4,4,104,2025-07-04,2025-07-07,Processing
5,5,105,2025-07-05,2025-07-09,Cancelled
6,6,106,2025-07-06,2025-07-10,Delivered
7,7,107,2025-07-07,2025-07-11,Shipped
8,8,108,2025-07-08,2025-07-12,Delivered
9,9,109,2025-07-09,2025-07-13,Processing
10,10,110,2025-07-10,2025-07-14,Delivered
