status_id,order_id,current_status,updated_at
1,1,Delivered,"2025-07-04 18:00:00"
2,2,Delivered,"2025-07-05 17:30:00"
3,3,Shipped,"2025-07-06 12:45:00"
4,4,Processing,"2025-07-07 10:15:00"
5,5,Cancelled,"2025-07-08 09:00:00"
6,6,Delivered,"2025-07-10 19:10:00"
7,7,Shipped,"2025-07-11 13:20:00"
8,8,Delivered,"2025-07-12 20:30:00"
9,9,Processing,"2025-07-13 11:50:00"
10,10,Delivered,"2025-07-14 16:40:00"
